{
  "overall": {
    "precision": 0.32683392174853265,
    "recall": 0.2785,
    "f1": 0.2748507830238833,
    "num_samples": 6000.0
  },
  "class": {
    "anger": {
      "precision": 0.0,
      "recall": 0.0,
      "f1": 0.0,
      "num_samples": 16.0
    },
    "boredom": {
      "precision": 0.05172413793103448,
      "recall": 0.2222222222222222,
      "f1": 0.08391608391608392,
      "num_samples": 27.0
    },
    "empty": {
      "precision": 0.03636363636363636,
      "recall": 0.06451612903225806,
      "f1": 0.046511627906976744,
      "num_samples": 124.0
    },
    "enthusiasm": {
      "precision": 0.06779661016949153,
      "recall": 0.17543859649122806,
      "f1": 0.097799511002445,
      "num_samples": 114.0
    },
    "fun": {
      "precision": 0.17994100294985252,
      "recall": 0.22846441947565543,
      "f1": 0.20132013201320134,
      "num_samples": 267.0
    },
    "happiness": {
      "precision": 0.38313253012048193,
      "recall": 0.20332480818414322,
      "f1": 0.2656641604010025,
      "num_samples": 782.0
    },
    "hate": {
      "precision": 0.18716577540106952,
      "recall": 0.35353535353535354,
      "f1": 0.2447552447552447,
      "num_samples": 198.0
    },
    "love": {
      "precision": 0.45792563600782776,
      "recall": 0.40625,
      "f1": 0.43054277828886844,
      "num_samples": 576.0
    },
    "neutral": {
      "precision": 0.30970149253731344,
      "recall": 0.5123456790123457,
      "f1": 0.386046511627907,
      "num_samples": 1296.0
    },
    "relief": {
      "precision": 0.14814814814814814,
      "recall": 0.2445414847161572,
      "f1": 0.18451400329489287,
      "num_samples": 229.0
    },
    "sadness": {
      "precision": 0.3306930693069307,
      "recall": 0.2157622739018088,
      "f1": 0.2611415168100078,
      "num_samples": 774.0
    },
    "surprise": {
      "precision": 0.12149532710280374,
      "recall": 0.07926829268292683,
      "f1": 0.09594095940959409,
      "num_samples": 328.0
    },
    "worry": {
      "precision": 0.44742729306487694,
      "recall": 0.15760441292356187,
      "f1": 0.23310023310023312,
      "num_samples": 1269.0
    }
  },
  "slices": {
    "short_content": {
      "precision": 0.2862424082387114,
      "recall": 0.2862424082387114,
      "f1": 0.2862424082387114,
      "num_samples": 3787
    }
  }
}