{
  "overall": {
    "precision": 0.25051160358404456,
    "recall": 0.22216666666666668,
    "f1": 0.21680406032572302,
    "num_samples": 6000.0
  },
  "class": {
    "anger": {
      "precision": 0.037037037037037035,
      "recall": 0.0625,
      "f1": 0.046511627906976744,
      "num_samples": 16.0
    },
    "boredom": {
      "precision": 0.042105263157894736,
      "recall": 0.14814814814814814,
      "f1": 0.06557377049180328,
      "num_samples": 27.0
    },
    "empty": {
      "precision": 0.022727272727272728,
      "recall": 0.03225806451612903,
      "f1": 0.02666666666666667,
      "num_samples": 124.0
    },
    "enthusiasm": {
      "precision": 0.026415094339622643,
      "recall": 0.06140350877192982,
      "f1": 0.03693931398416887,
      "num_samples": 114.0
    },
    "fun": {
      "precision": 0.07079646017699115,
      "recall": 0.0898876404494382,
      "f1": 0.07920792079207921,
      "num_samples": 267.0
    },
    "happiness": {
      "precision": 0.2832080200501253,
      "recall": 0.1445012787723785,
      "f1": 0.1913632514817951,
      "num_samples": 782.0
    },
    "hate": {
      "precision": 0.116,
      "recall": 0.14646464646464646,
      "f1": 0.1294642857142857,
      "num_samples": 198.0
    },
    "love": {
      "precision": 0.40166204986149584,
      "recall": 0.2517361111111111,
      "f1": 0.3094983991462113,
      "num_samples": 576.0
    },
    "neutral": {
      "precision": 0.2835888187556357,
      "recall": 0.4853395061728395,
      "f1": 0.3579965850882185,
      "num_samples": 1296.0
    },
    "relief": {
      "precision": 0.09443099273607748,
      "recall": 0.1703056768558952,
      "f1": 0.12149532710280374,
      "num_samples": 229.0
    },
    "sadness": {
      "precision": 0.24065040650406505,
      "recall": 0.19121447028423771,
      "f1": 0.21310295176385888,
      "num_samples": 774.0
    },
    "surprise": {
      "precision": 0.0732484076433121,
      "recall": 0.0701219512195122,
      "f1": 0.07165109034267914,
      "num_samples": 328.0
    },
    "worry": {
      "precision": 0.3162878787878788,
      "recall": 0.13159968479117415,
      "f1": 0.18586533110740122,
      "num_samples": 1269.0
    }
  },
  "slices": {
    "short_content": {
      "precision": 0.2445207288090837,
      "recall": 0.2445207288090837,
      "f1": 0.2445207288090837,
      "num_samples": 3787
    }
  }
}